<?xml version="1.0" encoding="UTF-8"?>
<project-private xmlns="http://www.netbeans.org/ns/project-private/1">
    <editor-bookmarks xmlns="http://www.netbeans.org/ns/editor-bookmarks/2" lastBookmarkId="0"/>
    <open-files xmlns="http://www.netbeans.org/ns/projectui-open-files/2">
        <group>
            <file>file:/C:/Users/datto/Desktop/Lab211/02_J1.L,P0032_CarShowroomManagement_500L/LAB2_SE203334_HaNguyenTienDat/src/services/BrandList.java</file>
            <file>file:/C:/Users/datto/Desktop/Lab211/02_J1.L,P0032_CarShowroomManagement_500L/LAB2_SE203334_HaNguyenTienDat/src/services/CarList.java</file>
            <file>file:/C:/Users/datto/Desktop/Lab211/02_J1.L,P0032_CarShowroomManagement_500L/LAB2_SE203334_HaNguyenTienDat/src/model/Car.java</file>
            <file>file:/C:/Users/datto/Desktop/Lab211/02_J1.L,P0032_CarShowroomManagement_500L/LAB2_SE203334_HaNguyenTienDat/src/mylib/Inputter.java</file>
            <file>file:/C:/Users/datto/Desktop/Lab211/02_J1.L,P0032_CarShowroomManagement_500L/LAB2_SE203334_HaNguyenTienDat/src/model/Brand.java</file>
        </group>
    </open-files>
</project-private>
