<?xml version="1.0" encoding="UTF-8"?>
<project-private xmlns="http://www.netbeans.org/ns/project-private/1">
    <editor-bookmarks xmlns="http://www.netbeans.org/ns/editor-bookmarks/2" lastBookmarkId="0"/>
    <open-files xmlns="http://www.netbeans.org/ns/projectui-open-files/2">
        <group>
            <file>file:/D:/1.FPT/Semester_3/CSD201/PE_Fall24/CSD201_T1_111287_1730601756/CSD201_T1_111287/PaperNo_1/Q1/src/MyStore.java</file>
            <file>file:/D:/1.FPT/Semester_3/CSD201/PE_Fall24/CSD201_T1_111287_1730601756/CSD201_T1_111287/PaperNo_1/Q1/src/Room.java</file>
        </group>
    </open-files>
</project-private>
